Country,Code,Year,Deaths - Cause: All causes - Risk: Unsafe water source - Sex: Both - Age: All Ages (Number)
Afghanistan,AFG,2015,4796
Afghanistan,AFG,2016,4678
Afghanistan,AFG,2017,4632
Afghanistan,AFG,2018,3994
Afghanistan,AFG,2019,3751
African Region (WHO),,2015,560251
African Region (WHO),,2016,549702
African Region (WHO),,2017,541333
African Region (WHO),,2018,513655
African Region (WHO),,2019,492202
Albania,ALB,2015,4
Albania,ALB,2016,4
Albania,ALB,2017,4
Albania,ALB,2018,4
Albania,ALB,2019,4
Algeria,DZA,2015,319
Algeria,DZA,2016,310
Algeria,DZA,2017,299
Algeria,DZA,2018,287
Algeria,DZA,2019,277
American Samoa,ASM,2015,2
American Samoa,ASM,2016,2
American Samoa,ASM,2017,2
American Samoa,ASM,2018,2
American Samoa,ASM,2019,2
Andorra,AND,2015,0
Andorra,AND,2016,0
Andorra,AND,2017,0
Andorra,AND,2018,0
Andorra,AND,2019,0
Angola,AGO,2015,14786
Angola,AGO,2016,13587
Angola,AGO,2017,13022
Angola,AGO,2018,11736
Angola,AGO,2019,11143
Antigua and Barbuda,ATG,2015,1
Antigua and Barbuda,ATG,2016,1
Antigua and Barbuda,ATG,2017,1
Antigua and Barbuda,ATG,2018,1
Antigua and Barbuda,ATG,2019,1
Argentina,ARG,2015,341
Argentina,ARG,2016,345
Argentina,ARG,2017,334
Argentina,ARG,2018,320
Argentina,ARG,2019,315
Armenia,ARM,2015,3
Armenia,ARM,2016,3
Armenia,ARM,2017,3
Armenia,ARM,2018,3
Armenia,ARM,2019,3
Australia,AUS,2015,40
Australia,AUS,2016,40
Australia,AUS,2017,39
Australia,AUS,2018,39
Australia,AUS,2019,40
Austria,AUT,2015,3
Austria,AUT,2016,3
Austria,AUT,2017,4
Austria,AUT,2018,3
Austria,AUT,2019,3
Azerbaijan,AZE,2015,75
Azerbaijan,AZE,2016,72
Azerbaijan,AZE,2017,68
Azerbaijan,AZE,2018,64
Azerbaijan,AZE,2019,60
Bahamas,BHS,2015,3
Bahamas,BHS,2016,3
Bahamas,BHS,2017,3
Bahamas,BHS,2018,3
Bahamas,BHS,2019,3
Bahrain,BHR,2015,5
Bahrain,BHR,2016,6
Bahrain,BHR,2017,6
Bahrain,BHR,2018,6
Bahrain,BHR,2019,6
Bangladesh,BGD,2015,26866
Bangladesh,BGD,2016,27599
Bangladesh,BGD,2017,28727
Bangladesh,BGD,2018,28336
Bangladesh,BGD,2019,28158
Barbados,BRB,2015,3
Barbados,BRB,2016,3
Barbados,BRB,2017,3
Barbados,BRB,2018,3
Barbados,BRB,2019,3
Belarus,BLR,2015,5
Belarus,BLR,2016,5
Belarus,BLR,2017,5
Belarus,BLR,2018,4
Belarus,BLR,2019,4
Belgium,BEL,2015,29
Belgium,BEL,2016,29
Belgium,BEL,2017,28
Belgium,BEL,2018,28
Belgium,BEL,2019,28
Belize,BLZ,2015,9
Belize,BLZ,2016,9
Belize,BLZ,2017,9
Belize,BLZ,2018,9
Belize,BLZ,2019,9
Benin,BEN,2015,5015
Benin,BEN,2016,5051
Benin,BEN,2017,5077
Benin,BEN,2018,4607
Benin,BEN,2019,4408
Bermuda,BMU,2015,0
Bermuda,BMU,2016,0
Bermuda,BMU,2017,0
Bermuda,BMU,2018,0
Bermuda,BMU,2019,0
Bhutan,BTN,2015,82
Bhutan,BTN,2016,81
Bhutan,BTN,2017,80
Bhutan,BTN,2018,77
Bhutan,BTN,2019,75
Bolivia,BOL,2015,526
Bolivia,BOL,2016,478
Bolivia,BOL,2017,470
Bolivia,BOL,2018,452
Bolivia,BOL,2019,439
Bosnia and Herzegovina,BIH,2015,3
Bosnia and Herzegovina,BIH,2016,3
Bosnia and Herzegovina,BIH,2017,3
Bosnia and Herzegovina,BIH,2018,3
Bosnia and Herzegovina,BIH,2019,3
Botswana,BWA,2015,435
Botswana,BWA,2016,421
Botswana,BWA,2017,420
Botswana,BWA,2018,407
Botswana,BWA,2019,398
Brazil,BRA,2015,4693
Brazil,BRA,2016,4605
Brazil,BRA,2017,4465
Brazil,BRA,2018,4375
Brazil,BRA,2019,4309
Brunei,BRN,2015,1
Brunei,BRN,2016,1
Brunei,BRN,2017,1
Brunei,BRN,2018,1
Brunei,BRN,2019,1
Bulgaria,BGR,2015,10
Bulgaria,BGR,2016,10
Bulgaria,BGR,2017,9
Bulgaria,BGR,2018,9
Bulgaria,BGR,2019,9
Burkina Faso,BFA,2015,12602
Burkina Faso,BFA,2016,13110
Burkina Faso,BFA,2017,13557
Burkina Faso,BFA,2018,13357
Burkina Faso,BFA,2019,12948
Burundi,BDI,2015,8343
Burundi,BDI,2016,7937
Burundi,BDI,2017,7782
Burundi,BDI,2018,8130
Burundi,BDI,2019,8097
Cambodia,KHM,2015,1485
Cambodia,KHM,2016,1450
Cambodia,KHM,2017,1439
Cambodia,KHM,2018,1382
Cambodia,KHM,2019,1333
Cameroon,CMR,2015,17657
Cameroon,CMR,2016,18064
Cameroon,CMR,2017,17517
Cameroon,CMR,2018,16156
Cameroon,CMR,2019,15130
Canada,CAN,2015,58
Canada,CAN,2016,58
Canada,CAN,2017,57
Canada,CAN,2018,59
Canada,CAN,2019,59
Cape Verde,CPV,2015,38
Cape Verde,CPV,2016,38
Cape Verde,CPV,2017,37
Cape Verde,CPV,2018,39
Cape Verde,CPV,2019,36
Central African Republic,CAF,2015,7403
Central African Republic,CAF,2016,7589
Central African Republic,CAF,2017,7682
Central African Republic,CAF,2018,7470
Central African Republic,CAF,2019,7366
Chad,TCD,2015,26604
Chad,TCD,2016,26757
Chad,TCD,2017,27131
Chad,TCD,2018,26666
Chad,TCD,2019,26457
Chile,CHL,2015,111
Chile,CHL,2016,109
Chile,CHL,2017,110
Chile,CHL,2018,111
Chile,CHL,2019,111
China,CHN,2015,3963
China,CHN,2016,4055
China,CHN,2017,3830
China,CHN,2018,3454
China,CHN,2019,3270
Colombia,COL,2015,518
Colombia,COL,2016,514
Colombia,COL,2017,517
Colombia,COL,2018,524
Colombia,COL,2019,528
Comoros,COM,2015,266
Comoros,COM,2016,259
Comoros,COM,2017,256
Comoros,COM,2018,238
Comoros,COM,2019,226
Congo,COG,2015,1940
Congo,COG,2016,1813
Congo,COG,2017,1742
Congo,COG,2018,1635
Congo,COG,2019,1561
Cook Islands,COK,2015,0
Cook Islands,COK,2016,0
Cook Islands,COK,2017,0
Cook Islands,COK,2018,0
Cook Islands,COK,2019,0
Costa Rica,CRI,2015,54
Costa Rica,CRI,2016,56
Costa Rica,CRI,2017,55
Costa Rica,CRI,2018,55
Costa Rica,CRI,2019,55
Cote d'Ivoire,CIV,2015,8198
Cote d'Ivoire,CIV,2016,7692
Cote d'Ivoire,CIV,2017,7229
Cote d'Ivoire,CIV,2018,6741
Cote d'Ivoire,CIV,2019,6214
Croatia,HRV,2015,9
Croatia,HRV,2016,10
Croatia,HRV,2017,9
Croatia,HRV,2018,8
Croatia,HRV,2019,8
Cuba,CUB,2015,205
Cuba,CUB,2016,196
Cuba,CUB,2017,205
Cuba,CUB,2018,205
Cuba,CUB,2019,199
Cyprus,CYP,2015,1
Cyprus,CYP,2016,1
Cyprus,CYP,2017,1
Cyprus,CYP,2018,1
Cyprus,CYP,2019,1
Czechia,CZE,2015,73
Czechia,CZE,2016,73
Czechia,CZE,2017,70
Czechia,CZE,2018,62
Czechia,CZE,2019,57
Democratic Republic of Congo,COD,2015,41961
Democratic Republic of Congo,COD,2016,38710
Democratic Republic of Congo,COD,2017,35294
Democratic Republic of Congo,COD,2018,31932
Democratic Republic of Congo,COD,2019,29153
Denmark,DNK,2015,10
Denmark,DNK,2016,10
Denmark,DNK,2017,10
Denmark,DNK,2018,10
Denmark,DNK,2019,10
Djibouti,DJI,2015,281
Djibouti,DJI,2016,284
Djibouti,DJI,2017,284
Djibouti,DJI,2018,274
Djibouti,DJI,2019,264
Dominica,DMA,2015,1
Dominica,DMA,2016,1
Dominica,DMA,2017,1
Dominica,DMA,2018,1
Dominica,DMA,2019,1
Dominican Republic,DOM,2015,498
Dominican Republic,DOM,2016,499
Dominican Republic,DOM,2017,469
Dominican Republic,DOM,2018,458
Dominican Republic,DOM,2019,450
East Asia & Pacific (WB),,2015,81826
East Asia & Pacific (WB),,2016,80237
East Asia & Pacific (WB),,2017,79175
East Asia & Pacific (WB),,2018,76451
East Asia & Pacific (WB),,2019,74574
Eastern Mediterranean Region (WHO),,2015,115667
Eastern Mediterranean Region (WHO),,2016,112844
Eastern Mediterranean Region (WHO),,2017,111831
Eastern Mediterranean Region (WHO),,2018,104337
Eastern Mediterranean Region (WHO),,2019,100378
Ecuador,ECU,2015,278
Ecuador,ECU,2016,274
Ecuador,ECU,2017,275
Ecuador,ECU,2018,274
Ecuador,ECU,2019,276
Egypt,EGY,2015,5137
Egypt,EGY,2016,4476
Egypt,EGY,2017,4036
Egypt,EGY,2018,3635
Egypt,EGY,2019,3322
El Salvador,SLV,2015,231
El Salvador,SLV,2016,226
El Salvador,SLV,2017,224
El Salvador,SLV,2018,221
El Salvador,SLV,2019,221
England,,2015,33
England,,2016,31
England,,2017,30
England,,2018,32
England,,2019,32
Equatorial Guinea,GNQ,2015,103
Equatorial Guinea,GNQ,2016,101
Equatorial Guinea,GNQ,2017,100
Equatorial Guinea,GNQ,2018,97
Equatorial Guinea,GNQ,2019,97
Eritrea,ERI,2015,4017
Eritrea,ERI,2016,3960
Eritrea,ERI,2017,3883
Eritrea,ERI,2018,3714
Eritrea,ERI,2019,3621
Estonia,EST,2015,1
Estonia,EST,2016,1
Estonia,EST,2017,1
Estonia,EST,2018,1
Estonia,EST,2019,1
Eswatini,SWZ,2015,448
Eswatini,SWZ,2016,429
Eswatini,SWZ,2017,423
Eswatini,SWZ,2018,407
Eswatini,SWZ,2019,396
Ethiopia,ETH,2015,48242
Ethiopia,ETH,2016,47271
Ethiopia,ETH,2017,47736
Ethiopia,ETH,2018,45711
Ethiopia,ETH,2019,43174
Europe & Central Asia (WB),,2015,2583
Europe & Central Asia (WB),,2016,2502
Europe & Central Asia (WB),,2017,2409
Europe & Central Asia (WB),,2018,2322
Europe & Central Asia (WB),,2019,2248
European Region (WHO),,2015,2599
European Region (WHO),,2016,2517
European Region (WHO),,2017,2424
European Region (WHO),,2018,2337
European Region (WHO),,2019,2263
Fiji,FJI,2015,74
Fiji,FJI,2016,72
Fiji,FJI,2017,71
Fiji,FJI,2018,69
Fiji,FJI,2019,68
Finland,FIN,2015,1
Finland,FIN,2016,1
Finland,FIN,2017,1
Finland,FIN,2018,1
Finland,FIN,2019,1
France,FRA,2015,76
France,FRA,2016,78
France,FRA,2017,81
France,FRA,2018,85
France,FRA,2019,88
G20,,2015,624877
G20,,2016,601935
G20,,2017,602728
G20,,2018,590294
G20,,2019,576491
Gabon,GAB,2015,234
Gabon,GAB,2016,223
Gabon,GAB,2017,216
Gabon,GAB,2018,201
Gabon,GAB,2019,192
Gambia,GMB,2015,468
Gambia,GMB,2016,481
Gambia,GMB,2017,509
Gambia,GMB,2018,477
Gambia,GMB,2019,460
Georgia,GEO,2015,10
Georgia,GEO,2016,9
Georgia,GEO,2017,8
Georgia,GEO,2018,8
Georgia,GEO,2019,7
Germany,DEU,2015,117
Germany,DEU,2016,115
Germany,DEU,2017,110
Germany,DEU,2018,107
Germany,DEU,2019,106
Ghana,GHA,2015,6669
Ghana,GHA,2016,6603
Ghana,GHA,2017,6579
Ghana,GHA,2018,5926
Ghana,GHA,2019,5599
Greece,GRC,2015,1
Greece,GRC,2016,1
Greece,GRC,2017,1
Greece,GRC,2018,1
Greece,GRC,2019,1
Greenland,GRL,2015,0
Greenland,GRL,2016,0
Greenland,GRL,2017,0
Greenland,GRL,2018,0
Greenland,GRL,2019,0
Grenada,GRD,2015,1
Grenada,GRD,2016,1
Grenada,GRD,2017,1
Grenada,GRD,2018,1
Grenada,GRD,2019,1
Guam,GUM,2015,3
Guam,GUM,2016,3
Guam,GUM,2017,3
Guam,GUM,2018,3
Guam,GUM,2019,4
Guatemala,GTM,2015,2174
Guatemala,GTM,2016,2149
Guatemala,GTM,2017,2063
Guatemala,GTM,2018,2041
Guatemala,GTM,2019,2027
Guinea,GIN,2015,6531
Guinea,GIN,2016,6467
Guinea,GIN,2017,6355
Guinea,GIN,2018,5965
Guinea,GIN,2019,5562
Guinea-Bissau,GNB,2015,1311
Guinea-Bissau,GNB,2016,1317
Guinea-Bissau,GNB,2017,1258
Guinea-Bissau,GNB,2018,1119
Guinea-Bissau,GNB,2019,1053
Guyana,GUY,2015,52
Guyana,GUY,2016,51
Guyana,GUY,2017,50
Guyana,GUY,2018,50
Guyana,GUY,2019,49
Haiti,HTI,2015,3972
Haiti,HTI,2016,4233
Haiti,HTI,2017,3787
Haiti,HTI,2018,3628
Haiti,HTI,2019,3502
Honduras,HND,2015,888
Honduras,HND,2016,861
Honduras,HND,2017,837
Honduras,HND,2018,807
Honduras,HND,2019,779
Hungary,HUN,2015,86
Hungary,HUN,2016,79
Hungary,HUN,2017,75
Hungary,HUN,2018,66
Hungary,HUN,2019,59
Iceland,ISL,2015,0
Iceland,ISL,2016,0
Iceland,ISL,2017,0
Iceland,ISL,2018,0
Iceland,ISL,2019,0
India,IND,2015,549684
India,IND,2016,528733
India,IND,2017,530729
India,IND,2018,520537
India,IND,2019,508290
Indonesia,IDN,2015,50085
Indonesia,IDN,2016,48824
Indonesia,IDN,2017,48327
Indonesia,IDN,2018,46887
Indonesia,IDN,2019,45774
Iran,IRN,2015,594
Iran,IRN,2016,564
Iran,IRN,2017,550
Iran,IRN,2018,528
Iran,IRN,2019,511
Iraq,IRQ,2015,532
Iraq,IRQ,2016,472
Iraq,IRQ,2017,449
Iraq,IRQ,2018,410
Iraq,IRQ,2019,382
Ireland,IRL,2015,2
Ireland,IRL,2016,1
Ireland,IRL,2017,1
Ireland,IRL,2018,1
Ireland,IRL,2019,1
Israel,ISR,2015,13
Israel,ISR,2016,13
Israel,ISR,2017,13
Israel,ISR,2018,13
Israel,ISR,2019,13
Italy,ITA,2015,55
Italy,ITA,2016,57
Italy,ITA,2017,51
Italy,ITA,2018,49
Italy,ITA,2019,47
Jamaica,JAM,2015,35
Jamaica,JAM,2016,34
Jamaica,JAM,2017,33
Jamaica,JAM,2018,33
Jamaica,JAM,2019,32
Japan,JPN,2015,524
Japan,JPN,2016,534
Japan,JPN,2017,533
Japan,JPN,2018,537
Japan,JPN,2019,542
Jordan,JOR,2015,27
Jordan,JOR,2016,28
Jordan,JOR,2017,28
Jordan,JOR,2018,29
Jordan,JOR,2019,29
Kazakhstan,KAZ,2015,36
Kazakhstan,KAZ,2016,34
Kazakhstan,KAZ,2017,31
Kazakhstan,KAZ,2018,31
Kazakhstan,KAZ,2019,29
Kenya,KEN,2015,18337
Kenya,KEN,2016,17256
Kenya,KEN,2017,16769
Kenya,KEN,2018,15980
Kenya,KEN,2019,15405
Kiribati,KIR,2015,38
Kiribati,KIR,2016,37
Kiribati,KIR,2017,36
Kiribati,KIR,2018,35
Kiribati,KIR,2019,34
Kuwait,KWT,2015,2
Kuwait,KWT,2016,2
Kuwait,KWT,2017,2
Kuwait,KWT,2018,2
Kuwait,KWT,2019,2
Kyrgyzstan,KGZ,2015,81
Kyrgyzstan,KGZ,2016,71
Kyrgyzstan,KGZ,2017,65
Kyrgyzstan,KGZ,2018,63
Kyrgyzstan,KGZ,2019,57
Laos,LAO,2015,1168
Laos,LAO,2016,1099
Laos,LAO,2017,1045
Laos,LAO,2018,978
Laos,LAO,2019,914
Latin America & Caribbean (WB),,2015,18997
Latin America & Caribbean (WB),,2016,19022
Latin America & Caribbean (WB),,2017,18278
Latin America & Caribbean (WB),,2018,17957
Latin America & Caribbean (WB),,2019,17749
Latvia,LVA,2015,2
Latvia,LVA,2016,2
Latvia,LVA,2017,2
Latvia,LVA,2018,1
Latvia,LVA,2019,1
Lebanon,LBN,2015,43
Lebanon,LBN,2016,42
Lebanon,LBN,2017,41
Lebanon,LBN,2018,41
Lebanon,LBN,2019,40
Lesotho,LSO,2015,1377
Lesotho,LSO,2016,1332
Lesotho,LSO,2017,1285
Lesotho,LSO,2018,1247
Lesotho,LSO,2019,1218
Liberia,LBR,2015,2666
Liberia,LBR,2016,2479
Liberia,LBR,2017,2307
Liberia,LBR,2018,2134
Liberia,LBR,2019,2060
Libya,LBY,2015,34
Libya,LBY,2016,36
Libya,LBY,2017,37
Libya,LBY,2018,37
Libya,LBY,2019,37
Lithuania,LTU,2015,5
Lithuania,LTU,2016,6
Lithuania,LTU,2017,6
Lithuania,LTU,2018,5
Lithuania,LTU,2019,5
Luxembourg,LUX,2015,0
Luxembourg,LUX,2016,0
Luxembourg,LUX,2017,0
Luxembourg,LUX,2018,0
Luxembourg,LUX,2019,0
Madagascar,MDG,2015,18034
Madagascar,MDG,2016,17449
Madagascar,MDG,2017,17237
Madagascar,MDG,2018,16413
Madagascar,MDG,2019,15677
Malawi,MWI,2015,7022
Malawi,MWI,2016,6921
Malawi,MWI,2017,6885
Malawi,MWI,2018,6670
Malawi,MWI,2019,6472
Malaysia,MYS,2015,647
Malaysia,MYS,2016,670
Malaysia,MYS,2017,690
Malaysia,MYS,2018,700
Malaysia,MYS,2019,726
Maldives,MDV,2015,9
Maldives,MDV,2016,9
Maldives,MDV,2017,9
Maldives,MDV,2018,9
Maldives,MDV,2019,9
Mali,MLI,2015,11358
Mali,MLI,2016,12114
Mali,MLI,2017,12393
Mali,MLI,2018,12118
Mali,MLI,2019,11881
Malta,MLT,2015,0
Malta,MLT,2016,0
Malta,MLT,2017,0
Malta,MLT,2018,0
Malta,MLT,2019,0
Marshall Islands,MHL,2015,4
Marshall Islands,MHL,2016,4
Marshall Islands,MHL,2017,4
Marshall Islands,MHL,2018,4
Marshall Islands,MHL,2019,4
Mauritania,MRT,2015,1666
Mauritania,MRT,2016,1552
Mauritania,MRT,2017,1493
Mauritania,MRT,2018,1347
Mauritania,MRT,2019,1279
Mauritius,MUS,2015,6
Mauritius,MUS,2016,6
Mauritius,MUS,2017,6
Mauritius,MUS,2018,6
Mauritius,MUS,2019,6
Mexico,MEX,2015,2407
Mexico,MEX,2016,2380
Mexico,MEX,2017,2371
Mexico,MEX,2018,2381
Mexico,MEX,2019,2394
Micronesia (country),FSM,2015,7
Micronesia (country),FSM,2016,7
Micronesia (country),FSM,2017,7
Micronesia (country),FSM,2018,7
Micronesia (country),FSM,2019,6
Middle East & North Africa (WB),,2015,14054
Middle East & North Africa (WB),,2016,13251
Middle East & North Africa (WB),,2017,13497
Middle East & North Africa (WB),,2018,12193
Middle East & North Africa (WB),,2019,11555
Moldova,MDA,2015,6
Moldova,MDA,2016,6
Moldova,MDA,2017,6
Moldova,MDA,2018,5
Moldova,MDA,2019,5
Monaco,MCO,2015,0
Monaco,MCO,2016,0
Monaco,MCO,2017,0
Monaco,MCO,2018,0
Monaco,MCO,2019,0
Mongolia,MNG,2015,44
Mongolia,MNG,2016,42
Mongolia,MNG,2017,42
Mongolia,MNG,2018,39
Mongolia,MNG,2019,36
Montenegro,MNE,2015,0
Montenegro,MNE,2016,0
Montenegro,MNE,2017,0
Montenegro,MNE,2018,0
Montenegro,MNE,2019,0
Morocco,MAR,2015,1443
Morocco,MAR,2016,1318
Morocco,MAR,2017,1212
Morocco,MAR,2018,1080
Morocco,MAR,2019,959
Mozambique,MOZ,2015,8613
Mozambique,MOZ,2016,8213
Mozambique,MOZ,2017,7982
Mozambique,MOZ,2018,7559
Mozambique,MOZ,2019,7638
Myanmar,MMR,2015,6755
Myanmar,MMR,2016,6436
Myanmar,MMR,2017,6177
Myanmar,MMR,2018,5804
Myanmar,MMR,2019,5541
Namibia,NAM,2015,619
Namibia,NAM,2016,595
Namibia,NAM,2017,583
Namibia,NAM,2018,570
Namibia,NAM,2019,551
Nauru,NRU,2015,0
Nauru,NRU,2016,0
Nauru,NRU,2017,0
Nauru,NRU,2018,0
Nauru,NRU,2019,0
Nepal,NPL,2015,5206
Nepal,NPL,2016,5066
Nepal,NPL,2017,5032
Nepal,NPL,2018,4813
Nepal,NPL,2019,4705
Netherlands,NLD,2015,10
Netherlands,NLD,2016,10
Netherlands,NLD,2017,10
Netherlands,NLD,2018,10
Netherlands,NLD,2019,10
New Zealand,NZL,2015,15
New Zealand,NZL,2016,14
New Zealand,NZL,2017,14
New Zealand,NZL,2018,14
New Zealand,NZL,2019,13
Nicaragua,NIC,2015,157
Nicaragua,NIC,2016,150
Nicaragua,NIC,2017,148
Nicaragua,NIC,2018,143
Nicaragua,NIC,2019,136
Niger,NER,2015,25169
Niger,NER,2016,25887
Niger,NER,2017,26515
Niger,NER,2018,25307
Niger,NER,2019,24716
Nigeria,NGA,2015,177118
Nigeria,NGA,2016,174540
Nigeria,NGA,2017,172466
Nigeria,NGA,2018,163956
Nigeria,NGA,2019,157292
Niue,NIU,2015,0
Niue,NIU,2016,0
Niue,NIU,2017,0
Niue,NIU,2018,0
Niue,NIU,2019,0
North America (WB),,2015,452
North America (WB),,2016,442
North America (WB),,2017,431
North America (WB),,2018,437
North America (WB),,2019,441
North Korea,PRK,2015,154
North Korea,PRK,2016,146
North Korea,PRK,2017,138
North Korea,PRK,2018,127
North Korea,PRK,2019,119
North Macedonia,MKD,2015,2
North Macedonia,MKD,2016,2
North Macedonia,MKD,2017,2
North Macedonia,MKD,2018,2
North Macedonia,MKD,2019,2
Northern Ireland,,2015,1
Northern Ireland,,2016,1
Northern Ireland,,2017,1
Northern Ireland,,2018,1
Northern Ireland,,2019,1
Northern Mariana Islands,MNP,2015,1
Northern Mariana Islands,MNP,2016,1
Northern Mariana Islands,MNP,2017,1
Northern Mariana Islands,MNP,2018,1
Northern Mariana Islands,MNP,2019,1
Norway,NOR,2015,8
Norway,NOR,2016,8
Norway,NOR,2017,8
Norway,NOR,2018,8
Norway,NOR,2019,8
OECD Countries,,2015,4932
OECD Countries,,2016,4892
OECD Countries,,2017,4831
OECD Countries,,2018,4814
OECD Countries,,2019,4808
Oman,OMN,2015,23
Oman,OMN,2016,23
Oman,OMN,2017,22
Oman,OMN,2018,21
Oman,OMN,2019,21
Pakistan,PAK,2015,75603
Pakistan,PAK,2016,73639
Pakistan,PAK,2017,72574
Pakistan,PAK,2018,68301
Pakistan,PAK,2019,65455
Palau,PLW,2015,1
Palau,PLW,2016,1
Palau,PLW,2017,1
Palau,PLW,2018,1
Palau,PLW,2019,1
Palestine,PSE,2015,27
Palestine,PSE,2016,25
Palestine,PSE,2017,23
Palestine,PSE,2018,22
Palestine,PSE,2019,21
Panama,PAN,2015,123
Panama,PAN,2016,124
Panama,PAN,2017,119
Panama,PAN,2018,115
Panama,PAN,2019,111
Papua New Guinea,PNG,2015,2648
Papua New Guinea,PNG,2016,2651
Papua New Guinea,PNG,2017,2698
Papua New Guinea,PNG,2018,2654
Papua New Guinea,PNG,2019,2620
Paraguay,PRY,2015,114
Paraguay,PRY,2016,112
Paraguay,PRY,2017,112
Paraguay,PRY,2018,112
Paraguay,PRY,2019,112
Peru,PER,2015,729
Peru,PER,2016,727
Peru,PER,2017,725
Peru,PER,2018,729
Peru,PER,2019,732
Philippines,PHL,2015,7561
Philippines,PHL,2016,7430
Philippines,PHL,2017,7252
Philippines,PHL,2018,6871
Philippines,PHL,2019,6654
Poland,POL,2015,94
Poland,POL,2016,97
Poland,POL,2017,85
Poland,POL,2018,81
Poland,POL,2019,76
Portugal,PRT,2015,28
Portugal,PRT,2016,29
Portugal,PRT,2017,26
Portugal,PRT,2018,25
Portugal,PRT,2019,24
Puerto Rico,PRI,2015,62
Puerto Rico,PRI,2016,65
Puerto Rico,PRI,2017,66
Puerto Rico,PRI,2018,67
Puerto Rico,PRI,2019,68
Qatar,QAT,2015,2
Qatar,QAT,2016,2
Qatar,QAT,2017,2
Qatar,QAT,2018,2
Qatar,QAT,2019,2
Region of the Americas (WHO),,2015,19386
Region of the Americas (WHO),,2016,19397
Region of the Americas (WHO),,2017,18643
Region of the Americas (WHO),,2018,18325
Region of the Americas (WHO),,2019,18122
Romania,ROU,2015,40
Romania,ROU,2016,42
Romania,ROU,2017,44
Romania,ROU,2018,40
Romania,ROU,2019,38
Russia,RUS,2015,192
Russia,RUS,2016,181
Russia,RUS,2017,168
Russia,RUS,2018,164
Russia,RUS,2019,161
Rwanda,RWA,2015,3483
Rwanda,RWA,2016,3382
Rwanda,RWA,2017,3306
Rwanda,RWA,2018,3213
Rwanda,RWA,2019,3055
Saint Kitts and Nevis,KNA,2015,2
Saint Kitts and Nevis,KNA,2016,2
Saint Kitts and Nevis,KNA,2017,2
Saint Kitts and Nevis,KNA,2018,2
Saint Kitts and Nevis,KNA,2019,2
Saint Lucia,LCA,2015,3
Saint Lucia,LCA,2016,3
Saint Lucia,LCA,2017,3
Saint Lucia,LCA,2018,3
Saint Lucia,LCA,2019,3
Saint Vincent and the Grenadines,VCT,2015,3
Saint Vincent and the Grenadines,VCT,2016,3
Saint Vincent and the Grenadines,VCT,2017,3
Saint Vincent and the Grenadines,VCT,2018,3
Saint Vincent and the Grenadines,VCT,2019,3
Samoa,WSM,2015,7
Samoa,WSM,2016,7
Samoa,WSM,2017,7
Samoa,WSM,2018,7
Samoa,WSM,2019,7
San Marino,SMR,2015,0
San Marino,SMR,2016,0
San Marino,SMR,2017,0
San Marino,SMR,2018,0
San Marino,SMR,2019,0
Sao Tome and Principe,STP,2015,11
Sao Tome and Principe,STP,2016,10
Sao Tome and Principe,STP,2017,10
Sao Tome and Principe,STP,2018,10
Sao Tome and Principe,STP,2019,9
Saudi Arabia,SAU,2015,164
Saudi Arabia,SAU,2016,160
Saudi Arabia,SAU,2017,156
Saudi Arabia,SAU,2018,152
Saudi Arabia,SAU,2019,151
Scotland,,2015,4
Scotland,,2016,4
Scotland,,2017,4
Scotland,,2018,4
Scotland,,2019,4
Senegal,SEN,2015,6292
Senegal,SEN,2016,6406
Senegal,SEN,2017,6221
Senegal,SEN,2018,5676
Senegal,SEN,2019,5348
Serbia,SRB,2015,16
Serbia,SRB,2016,16
Serbia,SRB,2017,16
Serbia,SRB,2018,15
Serbia,SRB,2019,14
Seychelles,SYC,2015,4
Seychelles,SYC,2016,4
Seychelles,SYC,2017,4
Seychelles,SYC,2018,4
Seychelles,SYC,2019,4
Sierra Leone,SLE,2015,3409
Sierra Leone,SLE,2016,3382
Sierra Leone,SLE,2017,3424
Sierra Leone,SLE,2018,3332
Sierra Leone,SLE,2019,3250
Singapore,SGP,2015,5
Singapore,SGP,2016,5
Singapore,SGP,2017,5
Singapore,SGP,2018,5
Singapore,SGP,2019,5
Slovakia,SVK,2015,4
Slovakia,SVK,2016,4
Slovakia,SVK,2017,4
Slovakia,SVK,2018,4
Slovakia,SVK,2019,4
Slovenia,SVN,2015,1
Slovenia,SVN,2016,1
Slovenia,SVN,2017,1
Slovenia,SVN,2018,1
Slovenia,SVN,2019,1
Solomon Islands,SLB,2015,204
Solomon Islands,SLB,2016,197
Solomon Islands,SLB,2017,193
Solomon Islands,SLB,2018,188
Solomon Islands,SLB,2019,183
Somalia,SOM,2015,13203
Somalia,SOM,2016,13888
Somalia,SOM,2017,13740
Somalia,SOM,2018,13944
Somalia,SOM,2019,14449
South Africa,ZAF,2015,10914
South Africa,ZAF,2016,10228
South Africa,ZAF,2017,9974
South Africa,ZAF,2018,9683
South Africa,ZAF,2019,9506
South Asia (WB),,2015,663021
South Asia (WB),,2016,640568
South Asia (WB),,2017,642544
South Asia (WB),,2018,626816
South Asia (WB),,2019,611191
South Korea,KOR,2015,124
South Korea,KOR,2016,128
South Korea,KOR,2017,132
South Korea,KOR,2018,135
South Korea,KOR,2019,138
South Sudan,SSD,2015,6909
South Sudan,SSD,2016,6564
South Sudan,SSD,2017,6290
South Sudan,SSD,2018,6153
South Sudan,SSD,2019,5997
South-East Asia Region (WHO),,2015,644413
South-East Asia Region (WHO),,2016,622597
South-East Asia Region (WHO),,2017,625043
South-East Asia Region (WHO),,2018,612465
South-East Asia Region (WHO),,2019,598615
Spain,ESP,2015,54
Spain,ESP,2016,54
Spain,ESP,2017,53
Spain,ESP,2018,53
Spain,ESP,2019,52
Sri Lanka,LKA,2015,774
Sri Lanka,LKA,2016,763
Sri Lanka,LKA,2017,761
Sri Lanka,LKA,2018,748
Sri Lanka,LKA,2019,748
Sub-Saharan Africa (WB),,2015,581505
Sub-Saharan Africa (WB),,2016,571015
Sub-Saharan Africa (WB),,2017,562497
Sub-Saharan Africa (WB),,2018,533539
Sub-Saharan Africa (WB),,2019,511854
Sudan,SDN,2015,8369
Sudan,SDN,2016,7735
Sudan,SDN,2017,7723
Sudan,SDN,2018,6228
Sudan,SDN,2019,5480
Suriname,SUR,2015,30
Suriname,SUR,2016,30
Suriname,SUR,2017,30
Suriname,SUR,2018,30
Suriname,SUR,2019,29
Sweden,SWE,2015,21
Sweden,SWE,2016,21
Sweden,SWE,2017,21
Sweden,SWE,2018,20
Sweden,SWE,2019,19
Switzerland,CHE,2015,5
Switzerland,CHE,2016,5
Switzerland,CHE,2017,5
Switzerland,CHE,2018,5
Switzerland,CHE,2019,5
Syria,SYR,2015,74
Syria,SYR,2016,70
Syria,SYR,2017,67
Syria,SYR,2018,66
Syria,SYR,2019,65
Taiwan,TWN,2015,40
Taiwan,TWN,2016,41
Taiwan,TWN,2017,39
Taiwan,TWN,2018,37
Taiwan,TWN,2019,35
Tajikistan,TJK,2015,636
Tajikistan,TJK,2016,598
Tajikistan,TJK,2017,588
Tajikistan,TJK,2018,566
Tajikistan,TJK,2019,550
Tanzania,TZA,2015,14931
Tanzania,TZA,2016,14933
Tanzania,TZA,2017,14756
Tanzania,TZA,2018,13792
Tanzania,TZA,2019,13203
Thailand,THA,2015,4616
Thailand,THA,2016,4756
Thailand,THA,2017,4878
Thailand,THA,2018,4941
Thailand,THA,2019,5010
Timor,TLS,2015,182
Timor,TLS,2016,184
Timor,TLS,2017,186
Timor,TLS,2018,185
Timor,TLS,2019,185
Togo,TGO,2015,6068
Togo,TGO,2016,5928
Togo,TGO,2017,5794
Togo,TGO,2018,5320
Togo,TGO,2019,5038
Tokelau,TKL,2015,0
Tokelau,TKL,2016,0
Tokelau,TKL,2017,0
Tokelau,TKL,2018,0
Tokelau,TKL,2019,0
Tonga,TON,2015,2
Tonga,TON,2016,2
Tonga,TON,2017,2
Tonga,TON,2018,2
Tonga,TON,2019,2
Trinidad and Tobago,TTO,2015,16
Trinidad and Tobago,TTO,2016,17
Trinidad and Tobago,TTO,2017,17
Trinidad and Tobago,TTO,2018,17
Trinidad and Tobago,TTO,2019,17
Tunisia,TUN,2015,83
Tunisia,TUN,2016,81
Tunisia,TUN,2017,80
Tunisia,TUN,2018,78
Tunisia,TUN,2019,76
Turkey,TUR,2015,519
Turkey,TUR,2016,507
Turkey,TUR,2017,494
Turkey,TUR,2018,480
Turkey,TUR,2019,469
Turkmenistan,TKM,2015,53
Turkmenistan,TKM,2016,53
Turkmenistan,TKM,2017,51
Turkmenistan,TKM,2018,49
Turkmenistan,TKM,2019,47
Tuvalu,TUV,2015,1
Tuvalu,TUV,2016,1
Tuvalu,TUV,2017,1
Tuvalu,TUV,2018,1
Tuvalu,TUV,2019,1
Uganda,UGA,2015,11391
Uganda,UGA,2016,11210
Uganda,UGA,2017,10471
Uganda,UGA,2018,9881
Uganda,UGA,2019,9199
Ukraine,UKR,2015,50
Ukraine,UKR,2016,49
Ukraine,UKR,2017,47
Ukraine,UKR,2018,46
Ukraine,UKR,2019,44
United Arab Emirates,ARE,2015,22
United Arab Emirates,ARE,2016,23
United Arab Emirates,ARE,2017,24
United Arab Emirates,ARE,2018,25
United Arab Emirates,ARE,2019,26
United Kingdom,GBR,2015,41
United Kingdom,GBR,2016,39
United Kingdom,GBR,2017,38
United Kingdom,GBR,2018,40
United Kingdom,GBR,2019,40
United States,USA,2015,393
United States,USA,2016,384
United States,USA,2017,374
United States,USA,2018,378
United States,USA,2019,382
United States Virgin Islands,VIR,2015,1
United States Virgin Islands,VIR,2016,1
United States Virgin Islands,VIR,2017,1
United States Virgin Islands,VIR,2018,1
United States Virgin Islands,VIR,2019,1
Uruguay,URY,2015,65
Uruguay,URY,2016,62
Uruguay,URY,2017,60
Uruguay,URY,2018,58
Uruguay,URY,2019,57
Uzbekistan,UZB,2015,104
Uzbekistan,UZB,2016,101
Uzbekistan,UZB,2017,95
Uzbekistan,UZB,2018,90
Uzbekistan,UZB,2019,86
Vanuatu,VUT,2015,55
Vanuatu,VUT,2016,56
Vanuatu,VUT,2017,57
Vanuatu,VUT,2018,56
Vanuatu,VUT,2019,56
Venezuela,VEN,2015,689
Venezuela,VEN,2016,699
Venezuela,VEN,2017,708
Venezuela,VEN,2018,726
Venezuela,VEN,2019,773
Vietnam,VNM,2015,1370
Vietnam,VNM,2016,1341
Vietnam,VNM,2017,1325
Vietnam,VNM,2018,1285
Vietnam,VNM,2019,1251
Wales,,2015,3
Wales,,2016,2
Wales,,2017,2
Wales,,2018,2
Wales,,2019,2
Western Pacific Region (WHO),,2015,20013
Western Pacific Region (WHO),,2016,19870
Western Pacific Region (WHO),,2017,19449
Western Pacific Region (WHO),,2018,18485
Western Pacific Region (WHO),,2019,17924
World,OWID_WRL,2015,1363038
World,OWID_WRL,2016,1327637
World,OWID_WRL,2017,1319414
World,OWID_WRL,2018,1270273
World,OWID_WRL,2019,1230154
World Bank High Income,,2015,2432
World Bank High Income,,2016,2431
World Bank High Income,,2017,2385
World Bank High Income,,2018,2367
World Bank High Income,,2019,2356
World Bank Low Income,,2015,319776
World Bank Low Income,,2016,316032
World Bank Low Income,,2017,311623
World Bank Low Income,,2018,297472
World Bank Low Income,,2019,286499
World Bank Lower Middle Income,,2015,1005321
World Bank Lower Middle Income,,2016,974398
World Bank Lower Middle Income,,2017,971265
World Bank Lower Middle Income,,2018,937146
World Bank Lower Middle Income,,2019,908433
World Bank Upper Middle Income,,2015,34910
World Bank Upper Middle Income,,2016,34179
World Bank Upper Middle Income,,2017,33561
World Bank Upper Middle Income,,2018,32732
World Bank Upper Middle Income,,2019,32326
Yemen,YEM,2015,5228
Yemen,YEM,2016,5317
Yemen,YEM,2017,6164
Yemen,YEM,2018,5486
Yemen,YEM,2019,5351
Zambia,ZMB,2015,6927
Zambia,ZMB,2016,6876
Zambia,ZMB,2017,6864
Zambia,ZMB,2018,6255
Zambia,ZMB,2019,5915
Zimbabwe,ZWE,2015,4336
Zimbabwe,ZWE,2016,4244
Zimbabwe,ZWE,2017,4193
Zimbabwe,ZWE,2018,4013
Zimbabwe,ZWE,2019,3914
,,,
,,,
,,,
,,,
,,,
,,,
,,,
,,,
,,,
,,,
,,,
,,,
,,,
,,,
,,,
,,,
,,,
,,,
,,,
,,,
,,,
,,,
,,,
,,,
,,,
,,,
,,,
,,,
,,,
,,,
,,,
,,,
,,,
,,,
,,,
,,,
,,,
,,,
,,,
,,,
,,,
,,,
,,,
,,,
,,,
,,,
,,,
,,,
,,,
,,,
,,,
,,,
,,,
,,,
,,,
,,,
,,,
,,,
,,,
,,,
,,,
,,,
,,,
,,,
,,,
,,,
,,,
,,,
,,,
,,,
,,,
,,,
,,,
,,,
,,,
,,,
,,,
,,,
,,,
,,,
,,,
,,,
,,,
,,,
,,,
,,,
,,,
,,,
,,,
,,,
,,,
,,,
,,,
,,,
,,,
,,,
,,,
,,,
,,,
,,,
,,,
,,,
,,,
,,,
,,,
,,,
,,,
,,,
,,,
,,,
,,,
,,,
,,,
,,,
,,,
,,,
,,,
,,,
,,,
,,,
,,,
,,,
,,,
,,,
,,,
,,,
,,,
,,,
,,,
,,,
,,,
,,,
,,,
,,,
,,,
,,,
,,,
,,,
,,,
,,,
,,,
,,,
,,,
,,,
,,,
,,,
,,,
,,,
,,,
,,,
,,,
,,,
,,,
,,,
,,,
,,,
,,,
,,,
,,,
,,,
,,,
,,,
,,,
,,,
,,,
,,,
,,,
,,,
,,,
,,,
,,,
,,,
,,,
,,,
,,,
,,,
,,,
,,,
,,,
,,,
,,,
,,,
,,,
,,,
,,,
,,,
,,,
,,,
,,,
,,,
,,,
,,,
,,,
,,,
,,,
,,,
,,,
,,,
,,,
,,,
,,,
,,,
,,,
,,,
,,,
,,,
,,,
,,,
,,,
,,,
,,,
,,,
,,,
,,,
,,,
,,,
,,,
,,,
,,,
,,,
,,,
,,,
,,,
,,,
,,,
,,,
,,,
,,,
,,,
,,,
,,,
,,,
,,,
,,,
,,,
,,,
,,,
,,,
,,,
,,,
,,,
,,,
,,,
,,,
,,,
,,,
,,,
,,,
,,,
,,,
,,,
,,,
,,,
,,,
,,,
,,,
,,,
,,,
,,,
,,,
,,,
,,,
,,,
,,,
,,,
,,,
,,,
,,,
,,,
,,,
,,,
,,,
,,,
,,,
,,,
,,,
,,,
,,,
,,,
,,,
,,,
,,,
,,,
,,,
,,,
,,,
,,,
,,,
,,,
,,,
,,,
,,,
,,,
,,,
,,,
,,,
,,,
,,,
,,,
,,,
,,,
,,,
,,,
,,,
,,,
,,,
,,,
,,,
,,,
,,,
,,,
,,,
,,,
,,,
,,,
,,,
,,,
,,,
,,,
,,,
,,,
,,,
,,,
,,,
,,,
,,,
,,,
,,,
,,,
,,,
,,,
,,,
,,,
,,,
,,,
,,,
,,,
,,,
,,,
,,,
,,,
,,,
,,,
,,,
,,,
,,,
,,,
,,,
,,,
,,,
,,,
,,,
,,,
,,,
,,,
,,,
,,,
,,,
,,,
,,,
,,,
,,,
,,,
,,,
,,,
,,,
,,,
,,,
,,,
,,,
,,,
,,,
,,,
,,,
,,,
,,,
,,,
,,,
,,,
,,,
,,,
,,,
,,,
,,,
,,,
,,,
,,,
,,,
,,,
,,,
,,,
,,,
,,,
,,,
,,,
,,,
,,,
,,,
,,,
,,,
,,,
,,,
,,,
,,,
,,,
,,,
,,,
,,,
,,,
,,,
,,,
,,,
,,,
,,,
,,,
,,,
,,,
,,,
,,,
,,,
,,,
,,,
,,,
,,,
,,,
,,,
,,,
,,,
,,,
,,,
,,,
,,,
,,,
,,,
,,,
,,,
,,,
,,,
,,,
,,,
,,,
,,,
,,,
,,,
,,,
,,,
,,,
,,,
,,,
,,,
,,,
,,,
,,,
,,,
,,,
,,,
,,,
,,,
,,,
,,,
,,,
,,,
,,,
,,,
,,,
,,,
,,,
,,,
,,,
,,,
,,,
,,,
,,,
,,,
,,,
,,,
,,,
,,,
,,,
,,,
,,,
,,,
,,,
,,,
,,,
,,,
,,,
,,,
,,,
,,,
,,,
,,,
,,,
,,,
,,,
,,,
,,,
,,,
,,,
,,,
,,,
,,,
,,,
,,,
,,,
,,,
,,,
,,,
,,,
,,,
,,,
,,,
,,,
,,,
,,,
,,,
,,,
,,,
,,,
,,,
,,,
,,,
,,,
,,,
,,,
,,,
,,,
,,,
,,,
,,,
,,,
,,,
,,,
,,,
,,,
,,,
,,,
,,,
,,,
,,,
,,,
,,,
,,,
,,,
,,,
,,,
,,,
,,,
,,,
,,,
,,,
,,,
,,,
,,,
,,,
,,,
,,,
,,,
,,,
,,,
,,,
,,,
,,,
,,,
,,,
,,,
,,,
,,,
,,,
,,,
,,,
,,,
,,,
,,,
,,,
,,,
,,,
,,,
,,,
,,,
,,,
,,,
,,,
,,,
,,,
,,,
,,,
,,,
,,,
,,,
,,,
,,,
,,,
,,,
,,,
,,,
,,,
,,,
,,,
,,,
,,,
,,,
,,,
,,,
,,,
,,,
,,,
,,,
,,,
,,,
,,,
,,,
,,,
,,,
,,,
,,,
,,,
,,,
,,,
,,,
,,,
,,,
,,,
,,,
,,,
,,,
,,,
,,,
,,,
,,,
,,,
,,,
,,,
,,,
,,,
,,,
,,,
,,,
,,,
,,,
,,,
,,,
,,,
,,,
,,,
,,,
,,,
,,,
,,,
,,,
,,,
,,,
,,,
,,,
,,,
,,,
,,,
,,,
,,,
,,,
,,,
,,,
,,,
,,,
,,,
,,,
,,,
,,,
,,,
,,,
,,,
,,,
,,,
,,,
,,,
,,,
,,,
,,,
,,,
,,,
,,,
,,,
,,,
,,,
,,,
,,,
,,,
,,,
,,,
,,,
,,,
,,,
,,,
,,,
,,,
,,,
,,,
,,,
,,,
,,,
,,,
,,,
,,,
,,,
,,,
,,,
,,,
,,,
,,,
,,,
,,,
,,,
,,,
,,,
,,,
,,,
,,,
,,,
,,,
,,,
,,,
,,,
,,,
,,,
,,,
,,,
,,,
,,,
,,,
,,,
,,,
,,,
,,,
,,,
,,,
,,,
,,,
,,,
,,,
,,,
,,,
,,,
,,,
,,,
,,,
,,,
,,,
,,,
,,,
,,,
,,,
,,,
,,,
,,,
,,,
,,,
,,,
,,,
,,,
,,,
,,,
,,,
,,,
,,,
,,,
,,,
,,,
,,,
,,,
,,,
,,,
,,,
,,,
,,,
,,,
,,,
,,,
,,,
,,,
,,,
,,,
,,,
,,,
,,,
,,,
,,,
,,,
,,,
,,,
,,,
,,,
,,,
,,,
,,,
,,,
,,,
,,,
,,,
,,,
,,,
,,,
,,,
,,,
,,,
,,,
,,,
,,,
,,,
,,,
,,,
,,,
,,,
,,,
,,,
,,,
,,,
,,,
,,,
,,,
,,,
,,,
,,,
,,,
,,,
,,,
,,,
,,,
,,,
,,,
,,,
,,,
,,,
,,,
,,,
,,,
,,,
,,,
,,,
,,,
,,,
,,,
,,,
,,,
,,,
,,,
,,,
,,,
,,,
,,,
,,,
,,,
,,,
,,,
,,,
,,,
,,,
,,,
,,,
,,,
,,,
,,,
,,,
,,,
,,,
,,,
,,,
,,,
,,,
,,,
,,,
,,,
,,,
,,,
,,,
,,,
,,,
,,,
,,,
,,,
,,,
,,,
,,,
,,,
,,,
,,,
,,,
,,,
,,,
,,,
,,,
,,,
,,,
,,,
,,,
,,,
,,,
,,,
,,,
,,,
,,,
,,,
,,,
,,,
,,,
,,,
,,,
,,,
,,,
,,,
,,,
,,,
,,,
,,,
,,,
,,,
,,,
,,,
,,,
,,,
,,,
,,,
,,,
,,,
,,,
,,,
,,,
,,,
,,,
,,,
,,,
,,,
,,,
,,,
,,,
,,,
,,,
,,,
,,,
,,,
,,,
,,,
,,,
,,,
,,,
,,,
,,,
,,,
,,,
,,,
,,,
,,,
,,,
,,,
,,,
,,,
,,,
,,,
,,,
,,,
,,,
,,,
,,,
,,,
,,,
,,,
,,,
,,,
,,,
,,,
,,,
,,,
,,,
,,,
,,,
,,,
,,,
,,,
,,,
,,,
,,,
,,,
,,,
,,,
,,,
,,,
,,,
,,,
,,,
,,,
,,,
,,,
,,,
,,,
,,,
,,,
,,,
,,,
,,,
,,,
,,,
,,,
,,,
,,,
,,,
,,,
,,,
,,,
,,,
,,,
,,,
,,,
,,,
,,,
,,,
,,,
,,,
,,,
,,,
,,,
,,,
,,,
,,,
,,,
,,,
,,,
,,,
,,,
,,,
,,,
,,,
,,,
,,,
,,,
,,,
,,,
,,,
,,,
,,,
,,,
,,,
,,,
,,,
,,,
,,,
,,,
,,,
,,,
,,,
,,,
,,,
,,,
,,,
,,,
,,,
,,,
,,,
,,,
,,,
,,,
,,,
,,,
,,,
,,,
,,,
,,,
,,,
,,,
,,,
,,,
,,,
,,,
,,,
,,,
,,,
,,,
,,,
,,,
,,,
,,,
,,,
,,,
,,,
,,,
,,,
,,,
,,,
,,,
,,,
,,,
,,,
,,,
,,,
,,,
,,,
,,,
,,,
,,,
,,,
,,,
,,,
,,,
,,,
,,,
,,,
,,,
,,,
,,,
,,,
,,,
,,,
,,,
,,,
,,,
,,,
,,,
,,,
,,,
,,,
,,,
,,,
,,,
,,,
,,,
,,,
,,,
,,,
,,,
,,,
,,,
,,,
,,,
,,,
,,,
,,,
,,,
,,,
,,,
,,,
,,,
,,,
,,,
,,,
,,,
,,,
,,,
,,,
,,,
,,,
,,,
,,,
,,,
,,,
,,,
,,,
,,,
,,,
,,,
,,,
,,,
,,,
,,,
,,,
,,,
,,,
,,,
,,,
,,,
,,,
,,,
,,,
,,,
,,,
,,,
,,,
,,,
,,,
,,,
,,,
,,,
,,,
,,,
,,,
,,,
,,,
,,,
,,,
,,,
,,,
,,,
,,,
,,,
,,,
,,,
,,,
,,,
,,,
,,,
,,,
,,,
,,,
,,,
,,,
,,,
,,,
,,,
,,,
,,,
,,,
,,,
,,,
,,,
,,,
,,,
,,,
,,,
,,,
,,,
,,,
,,,
,,,
,,,
,,,
,,,
,,,
,,,
,,,
,,,
,,,
,,,
,,,
,,,
,,,
,,,
,,,
,,,
,,,
,,,
,,,
,,,
,,,
,,,
,,,
,,,
,,,
,,,
,,,
,,,
,,,
,,,
,,,
,,,
,,,
,,,
,,,
,,,
,,,
,,,
,,,
,,,
,,,
,,,
,,,
,,,
,,,
,,,
,,,
,,,
,,,
,,,
,,,
,,,
,,,
,,,
,,,
,,,
,,,
,,,
,,,
,,,
,,,
,,,
,,,
,,,
,,,
,,,
,,,
,,,
,,,
,,,
,,,
,,,
,,,
,,,
,,,
,,,
,,,
,,,
,,,
,,,
,,,
,,,
,,,
,,,
,,,
,,,
,,,
,,,
,,,
,,,
,,,
,,,
,,,
,,,
,,,
,,,
,,,
,,,
,,,
,,,
,,,
,,,
,,,
,,,
,,,
,,,
,,,
,,,
,,,
,,,
,,,
,,,
,,,
,,,
,,,
,,,
,,,
,,,
,,,
,,,
,,,
,,,
,,,
,,,
,,,
,,,
,,,
,,,
,,,
,,,
,,,
,,,
,,,
,,,
,,,
,,,
,,,
,,,
,,,
,,,
,,,
,,,
,,,
,,,
,,,
,,,
,,,
,,,
,,,
,,,
,,,
,,,
,,,
,,,
,,,
,,,
,,,
,,,
,,,
,,,
,,,
,,,
,,,
,,,
,,,
,,,
,,,
,,,
,,,
,,,
,,,
,,,
,,,
,,,
,,,
,,,
,,,
,,,
,,,
,,,
,,,
,,,
,,,
,,,
,,,
,,,
,,,
,,,
,,,
,,,
,,,
,,,
,,,
,,,
,,,
,,,
,,,
,,,
,,,
,,,
,,,
,,,
,,,
,,,
,,,
,,,
,,,
,,,
,,,
,,,
,,,
,,,
,,,
,,,
,,,
,,,
,,,
,,,
,,,
,,,
,,,
,,,
,,,
,,,
,,,
,,,
,,,
,,,
,,,
,,,
,,,
,,,
,,,
,,,
,,,
,,,
,,,
,,,
,,,
,,,
,,,
,,,
,,,
,,,
,,,
,,,
,,,
,,,
,,,
,,,
,,,
,,,
,,,
,,,
,,,
,,,
,,,
,,,
,,,
,,,
,,,
,,,
,,,
,,,
,,,
,,,
,,,
,,,
,,,
,,,
,,,
,,,
,,,
,,,
,,,
,,,
,,,
,,,
,,,
,,,
,,,
,,,
,,,
,,,
,,,
,,,
,,,
,,,
,,,
,,,
,,,
,,,
,,,
,,,
,,,
,,,
,,,
,,,
,,,
,,,
,,,
,,,
,,,
,,,
,,,
,,,
,,,
,,,
,,,
,,,
,,,
,,,
,,,
,,,
,,,
,,,
,,,
,,,
,,,
,,,
,,,
,,,
,,,
,,,
,,,
,,,
,,,
,,,
,,,
,,,
,,,
,,,
,,,
,,,
,,,
,,,
,,,
,,,
,,,
,,,
,,,
,,,
,,,
,,,
,,,
,,,
,,,
,,,
,,,
,,,
,,,
,,,
,,,
,,,
,,,
,,,
,,,
,,,
,,,
,,,
,,,
,,,
,,,
,,,
,,,
,,,
,,,
,,,
,,,
,,,
,,,
,,,
,,,
,,,
,,,
,,,
,,,
,,,
,,,
,,,
,,,
,,,
,,,
,,,
,,,
,,,
,,,
,,,
,,,
,,,
,,,
,,,
,,,
,,,
,,,
,,,
,,,
,,,
,,,
,,,
,,,
,,,
,,,
,,,
,,,
,,,
,,,
,,,
,,,
,,,
,,,
,,,
,,,
,,,
,,,
,,,
,,,
,,,
,,,
,,,
,,,
,,,
,,,
,,,
,,,
,,,
,,,
,,,
,,,
,,,
,,,
,,,
,,,
,,,
,,,
,,,
,,,
,,,
,,,
,,,
,,,
,,,
,,,
,,,
,,,
,,,
,,,
,,,
,,,
,,,
,,,
,,,
,,,
,,,
,,,
,,,
,,,
,,,
,,,
,,,
,,,
,,,
,,,
,,,
,,,
,,,
,,,
,,,
,,,
,,,
,,,
,,,
,,,
,,,
,,,
,,,
,,,
,,,
,,,
,,,
,,,
,,,
,,,
,,,
,,,
,,,
,,,
,,,
,,,
,,,
,,,
,,,
,,,
,,,
,,,
,,,
,,,
,,,
,,,
,,,
,,,
,,,
,,,
,,,
,,,
,,,
,,,
,,,
,,,
,,,
,,,
,,,
,,,
,,,
,,,
,,,
,,,
,,,
,,,
,,,
,,,
,,,
,,,
,,,
,,,
,,,
,,,
,,,
,,,
,,,
,,,
,,,
,,,
,,,
,,,
,,,
,,,
,,,
,,,
,,,
,,,
,,,
,,,
,,,
,,,
,,,
,,,
,,,
,,,
,,,
,,,
,,,
,,,
,,,
,,,
,,,
,,,
,,,
,,,
,,,
,,,
,,,
,,,
,,,
,,,
,,,
,,,
,,,
,,,
,,,
,,,
,,,
,,,
,,,
,,,
,,,
,,,
,,,
,,,
,,,
,,,
,,,
,,,
,,,
,,,
,,,
,,,
,,,
,,,
,,,
,,,
,,,
,,,
,,,
,,,
,,,
,,,
,,,
,,,
,,,
,,,
,,,
,,,
,,,
,,,
,,,
,,,
,,,
,,,
,,,
,,,
,,,
,,,
,,,
,,,
,,,
,,,
,,,
,,,
,,,
,,,
,,,
,,,
,,,
,,,
,,,
,,,
,,,
,,,
,,,
,,,
,,,
,,,
,,,
,,,
,,,
,,,
,,,
,,,
,,,
,,,
,,,
,,,
,,,
,,,
,,,
,,,
,,,
,,,
,,,
,,,
,,,
,,,
,,,
,,,
,,,
,,,
,,,
,,,
,,,
,,,
,,,
,,,
,,,
,,,
,,,
,,,
,,,
,,,
,,,
,,,
,,,
,,,
,,,
,,,
,,,
,,,
,,,
,,,
,,,
,,,
,,,
,,,
,,,
,,,
,,,
,,,
,,,
,,,
,,,
,,,
,,,
,,,
,,,
,,,
,,,
,,,
,,,
,,,
,,,
,,,
,,,
,,,
,,,
,,,
,,,
,,,
,,,
,,,
,,,
,,,
,,,
,,,
,,,
,,,
,,,
,,,
,,,
,,,
,,,
,,,
,,,
,,,
,,,
,,,
,,,
,,,
,,,
,,,
,,,
,,,
,,,
,,,
,,,
,,,
,,,
,,,
,,,
,,,
,,,
,,,
,,,
,,,
,,,
,,,
,,,
,,,
,,,
,,,
,,,
,,,
,,,
,,,
,,,
,,,
,,,
,,,
,,,
,,,
,,,
,,,
,,,
,,,
,,,
,,,
,,,
,,,
,,,
,,,
,,,
,,,
,,,
,,,
,,,
,,,
,,,
,,,
,,,
,,,
,,,
,,,
,,,
,,,
,,,
,,,
,,,
,,,
,,,
,,,
,,,
,,,
,,,
,,,
,,,
,,,
,,,
,,,
,,,
,,,
,,,
,,,
,,,
,,,
,,,
,,,
,,,
,,,
,,,
,,,
,,,
,,,
,,,
,,,
,,,
,,,
,,,
,,,
,,,
,,,
,,,
,,,
,,,
,,,
,,,
,,,
,,,
,,,
,,,
,,,
,,,
,,,
,,,
,,,
,,,
,,,
,,,
,,,
,,,
,,,
,,,
,,,
,,,
,,,
,,,
,,,
,,,
,,,
,,,
,,,
,,,
,,,
,,,
,,,
,,,
,,,
,,,
,,,
,,,
,,,
,,,
,,,
,,,
,,,
,,,
,,,
,,,
,,,
,,,
,,,
,,,
,,,
,,,
,,,
,,,
,,,
,,,
,,,
,,,
,,,
,,,
,,,
,,,
,,,
,,,
,,,
,,,
,,,
,,,
,,,
,,,
,,,
,,,
,,,
,,,
,,,
,,,
,,,
,,,
,,,
,,,
,,,
,,,
,,,
,,,
,,,
,,,
,,,
,,,
,,,
,,,
,,,
,,,
,,,
,,,
,,,
,,,
,,,
,,,
,,,
,,,
,,,
,,,
,,,
,,,
,,,
,,,
,,,
,,,
,,,
,,,
,,,
,,,
,,,
,,,
,,,
,,,
,,,
,,,
,,,
,,,
,,,
,,,
,,,
,,,
,,,
,,,
,,,
,,,
,,,
,,,
,,,
,,,
,,,
,,,
,,,
,,,
,,,
,,,
,,,
,,,
,,,
,,,
,,,
,,,
,,,
,,,
,,,
,,,
,,,
,,,
,,,
,,,
,,,
,,,
,,,
,,,
,,,
,,,
,,,
,,,
,,,
,,,
,,,
,,,
,,,
,,,
,,,
,,,
,,,
,,,
,,,
,,,
,,,
,,,
,,,
,,,
,,,
,,,
,,,
,,,
,,,
,,,
,,,
,,,
,,,
,,,
,,,
,,,
,,,
,,,
,,,
,,,
,,,
,,,
,,,
,,,
,,,
,,,
,,,
,,,
,,,
,,,
,,,
,,,
,,,
,,,
,,,
,,,
,,,
,,,
,,,
,,,
,,,
,,,
,,,
,,,
,,,
,,,
,,,
,,,
,,,
,,,
,,,
,,,
,,,
,,,
,,,
,,,
,,,
,,,
,,,
,,,
,,,
,,,
,,,
,,,
,,,
,,,
,,,
,,,
,,,
,,,
,,,
,,,
,,,
,,,
,,,
,,,
,,,
,,,
,,,
,,,
,,,
,,,
,,,
,,,
,,,
,,,
,,,
,,,
,,,
,,,
,,,
,,,
,,,
,,,
,,,
,,,
,,,
,,,
,,,
,,,
,,,
,,,
,,,
,,,
,,,
,,,
,,,
,,,
,,,
,,,
,,,
,,,
,,,
,,,
,,,
,,,
,,,
,,,
,,,
,,,
,,,
,,,
,,,
,,,
,,,
,,,
,,,
,,,
,,,
,,,
,,,
,,,
,,,
,,,
,,,
,,,
,,,
,,,
,,,
,,,
,,,
,,,
,,,
,,,
,,,
,,,
,,,
,,,
,,,
,,,
,,,
,,,
,,,
,,,
,,,
,,,
,,,
,,,
,,,
,,,
,,,
,,,
,,,
,,,
,,,
,,,
,,,
,,,
,,,
,,,
,,,
,,,
,,,
,,,
,,,
,,,
,,,
,,,
,,,
,,,
,,,
,,,
,,,
,,,
,,,
,,,
,,,
,,,
,,,
,,,
,,,
,,,
,,,
,,,
,,,
,,,
,,,
,,,
,,,
,,,
,,,
,,,
,,,
,,,
,,,
,,,
,,,
,,,
,,,
,,,
,,,
,,,
,,,
,,,
,,,
,,,
,,,
,,,
,,,
,,,
,,,
,,,
,,,
,,,
,,,
,,,
,,,
,,,
,,,
,,,
,,,
,,,
,,,
,,,
,,,
,,,
,,,
,,,
,,,
,,,
,,,
,,,
,,,
,,,
,,,
,,,
,,,
,,,
,,,
,,,
,,,
,,,
,,,
,,,
,,,
,,,
,,,
,,,
,,,
,,,
,,,
,,,
,,,
,,,
,,,
,,,
,,,
,,,
,,,
,,,
,,,
,,,
,,,
,,,
,,,
,,,
,,,
,,,
,,,
,,,
,,,
,,,
,,,
,,,
,,,
,,,
,,,
,,,
,,,
,,,
,,,
,,,
,,,
,,,
,,,
,,,
,,,
,,,
,,,
,,,
,,,
,,,
,,,
,,,
,,,
,,,
,,,
,,,
,,,
,,,
,,,
,,,
,,,
,,,
,,,
,,,
,,,
,,,
,,,
,,,
,,,
,,,
,,,
,,,
,,,
,,,
,,,
,,,
,,,
,,,
,,,
,,,
,,,
,,,
,,,
,,,
,,,
,,,
,,,
,,,
,,,
,,,
,,,
,,,
,,,
,,,
,,,
,,,
,,,
,,,
,,,
,,,
,,,
,,,
,,,
,,,
,,,
,,,
,,,
,,,
,,,
,,,
,,,
,,,
,,,
,,,
,,,
,,,
,,,
,,,
,,,
,,,
,,,
,,,
,,,
,,,
,,,
,,,
,,,
,,,
,,,
,,,
,,,
,,,
,,,
,,,
,,,
,,,
,,,
,,,
,,,
,,,
,,,
,,,
,,,
,,,
,,,
,,,
,,,
,,,
,,,
,,,
,,,
,,,
,,,
,,,
,,,
,,,
,,,
,,,
,,,
,,,
,,,
,,,
,,,
,,,
,,,
,,,
,,,
,,,
,,,
,,,
,,,
,,,
,,,
,,,
,,,
,,,
,,,
,,,
,,,
,,,
,,,
,,,
,,,
,,,
,,,
,,,
,,,
,,,
,,,
,,,
,,,
,,,
,,,
,,,
,,,
,,,
,,,
,,,
,,,
,,,
,,,
,,,
,,,
,,,
,,,
,,,
,,,
,,,
,,,
,,,
,,,
,,,
,,,
,,,
,,,
,,,
,,,
,,,
,,,
,,,
,,,
,,,
,,,
,,,
,,,
,,,
,,,
,,,
,,,
,,,
,,,
,,,
,,,
,,,
,,,
,,,
,,,
,,,
,,,
,,,
,,,
,,,
,,,
,,,
,,,
,,,
,,,
,,,
,,,
,,,
,,,
,,,
,,,
,,,
,,,
,,,
,,,
,,,
,,,
,,,
,,,
,,,
,,,
,,,
,,,
,,,
,,,
,,,
,,,
,,,
,,,
,,,
,,,
,,,
,,,
,,,
,,,
,,,
,,,
,,,
,,,
,,,
,,,
,,,
,,,
,,,
,,,
,,,
,,,
,,,
,,,
,,,
,,,
,,,
,,,
,,,
,,,
,,,
,,,
,,,
,,,
,,,
,,,
,,,
,,,
,,,
,,,
,,,
,,,
,,,
,,,
,,,
,,,
,,,
,,,
,,,
,,,
,,,
,,,
,,,
,,,
,,,
,,,
,,,
,,,
,,,
,,,
,,,
,,,
,,,
,,,
,,,
,,,
,,,
,,,
,,,
,,,
,,,
,,,
,,,
,,,
,,,
,,,
,,,
,,,
,,,
,,,
,,,
,,,
,,,
,,,
,,,
,,,
,,,
,,,
,,,
,,,
,,,
,,,
,,,
,,,
,,,
,,,
,,,
,,,
,,,
,,,
,,,
,,,
,,,
,,,
,,,
,,,
,,,
,,,
,,,
,,,
,,,
,,,
,,,
,,,
,,,
,,,
,,,
,,,
,,,
,,,
,,,
,,,
,,,
,,,
,,,
,,,
,,,
,,,
,,,
,,,
,,,
,,,
,,,
,,,
,,,
,,,
,,,
,,,
,,,
,,,
,,,
,,,
,,,
,,,
,,,
,,,
,,,
,,,
,,,
,,,
,,,
,,,
,,,
,,,
,,,
,,,
,,,
,,,
,,,
,,,
,,,
,,,
,,,
,,,
,,,
,,,
,,,
,,,
,,,
,,,
,,,
,,,
,,,
,,,
,,,
,,,
,,,
,,,
,,,
,,,
,,,
,,,
,,,
,,,
,,,
,,,
,,,
,,,
,,,
,,,
,,,
,,,
,,,
,,,
,,,
,,,
,,,
,,,
,,,
,,,
,,,
,,,
,,,
,,,
,,,
,,,
,,,
,,,
,,,
,,,
,,,
,,,
,,,
,,,
,,,
,,,
,,,
,,,
,,,
,,,
,,,
,,,
,,,
,,,
,,,
,,,
,,,
,,,
,,,
,,,
,,,
,,,
,,,
,,,
,,,
,,,
,,,
,,,
,,,
,,,
,,,
,,,
,,,
,,,
,,,
,,,
,,,
,,,
,,,
,,,
,,,
,,,
,,,
,,,
,,,
,,,
,,,
,,,
,,,
,,,
,,,
,,,
,,,
,,,
,,,
,,,
,,,
,,,
,,,
,,,
,,,
,,,
,,,
,,,
,,,
,,,
,,,
,,,
,,,
,,,
,,,
,,,
,,,
,,,
,,,
,,,
,,,
,,,
,,,
,,,
,,,
,,,
,,,
,,,
,,,
,,,
,,,
,,,
,,,
,,,
,,,
,,,
,,,
,,,
,,,
,,,
,,,
,,,
,,,
,,,
,,,
,,,
,,,
,,,
,,,
,,,
,,,
,,,
,,,
,,,
,,,
,,,
,,,
,,,
,,,
,,,
,,,
,,,
,,,
,,,
,,,
,,,
,,,
,,,
,,,
,,,
,,,
,,,
,,,
,,,
,,,
,,,
,,,
,,,
,,,
,,,
,,,
,,,
,,,
,,,
,,,
,,,
,,,
,,,
,,,
,,,
,,,
,,,
,,,
,,,
,,,
,,,
,,,
,,,
,,,
,,,
,,,
,,,
,,,
,,,
,,,
,,,
,,,
,,,
,,,
,,,
,,,
,,,
,,,
,,,
,,,
,,,
,,,
,,,
,,,
,,,
,,,
,,,
,,,
,,,
,,,
,,,
,,,
,,,
,,,
,,,
,,,
,,,
,,,
,,,
,,,
,,,
,,,
,,,
,,,
,,,
,,,
,,,
,,,
,,,
,,,
,,,
,,,
,,,
,,,
,,,
,,,
,,,
,,,
,,,
,,,
,,,
,,,
,,,
,,,
,,,
,,,
,,,
,,,
,,,
,,,
,,,
,,,
,,,
,,,
,,,
,,,
,,,
,,,
,,,
,,,
,,,
,,,
,,,
,,,
,,,
,,,
,,,
,,,
,,,
,,,
,,,
,,,
,,,
,,,
,,,
,,,
,,,
,,,
,,,
,,,
,,,
,,,
,,,
,,,
,,,
,,,
,,,
,,,
,,,
,,,
,,,
,,,
,,,
,,,
,,,
,,,
,,,
,,,
,,,
,,,
,,,
,,,
,,,
,,,
,,,
,,,
,,,
,,,
,,,
,,,
,,,
,,,
,,,
,,,
,,,
,,,
,,,
,,,
,,,
,,,
,,,
,,,
,,,
,,,
,,,
,,,
,,,
,,,
,,,
,,,
,,,
,,,
,,,
,,,
,,,
,,,
,,,
,,,
,,,
,,,
,,,
,,,
,,,
,,,
,,,
,,,
,,,
,,,
,,,
,,,
,,,
,,,
,,,
,,,
,,,
,,,
,,,
,,,
,,,
,,,
,,,
,,,
,,,
,,,
,,,
,,,
,,,
,,,
,,,
,,,
,,,
,,,
,,,
,,,
,,,
,,,
,,,
,,,
,,,
,,,
,,,
,,,
,,,
,,,
,,,
,,,
,,,
,,,
,,,
,,,
,,,
,,,
,,,
,,,
,,,
,,,
,,,
,,,
,,,
,,,
,,,
,,,
,,,
,,,
,,,
,,,
,,,
,,,
,,,
,,,
,,,
,,,
,,,
,,,
,,,
,,,
,,,
,,,
,,,
,,,
,,,
,,,
,,,
,,,
,,,
,,,
,,,
,,,
,,,
,,,
,,,
,,,
,,,
,,,
,,,
,,,
,,,
,,,
,,,
,,,
,,,
,,,
,,,
,,,
,,,
,,,
,,,
,,,
,,,
,,,
,,,
,,,
,,,
,,,
,,,
,,,
,,,
,,,
,,,
,,,
,,,
,,,
,,,
,,,
,,,
,,,
,,,
,,,
,,,
,,,
,,,
,,,
,,,
,,,
,,,
,,,
,,,
,,,
,,,
,,,
,,,
,,,
,,,
,,,
,,,
,,,
,,,
,,,
,,,
,,,
,,,
,,,
,,,
,,,
,,,
,,,
,,,
,,,
,,,
,,,
,,,
,,,
,,,
,,,
,,,
,,,
,,,
,,,
,,,
,,,
,,,
,,,
,,,
,,,
,,,
,,,
,,,
,,,
,,,
,,,
,,,
,,,
,,,
,,,
,,,
,,,
,,,
,,,
,,,
,,,
,,,
,,,
,,,
,,,
,,,
,,,
,,,
,,,
,,,
,,,
,,,
,,,
,,,
,,,
,,,
,,,
,,,
,,,
,,,
,,,
,,,
,,,
,,,
,,,
,,,
,,,
,,,
,,,
,,,
,,,
,,,
,,,
,,,
,,,
,,,
,,,
,,,
,,,
,,,
,,,
,,,
,,,
,,,
,,,
,,,
,,,
,,,
,,,
,,,
,,,
,,,
,,,
,,,
,,,
,,,
,,,
,,,
,,,
,,,
,,,
,,,
,,,
,,,
,,,
,,,
,,,
,,,
,,,
,,,
,,,
,,,
,,,
,,,
,,,
,,,
,,,
,,,
,,,
,,,
,,,
,,,
,,,
,,,
,,,
,,,
,,,
,,,
,,,
,,,
,,,
,,,
,,,
,,,
,,,
,,,
,,,
,,,
,,,
,,,
,,,
,,,
,,,
,,,
,,,
,,,
,,,
,,,
,,,
,,,
,,,
,,,
,,,
,,,
,,,
,,,
,,,
,,,
,,,
,,,
,,,
,,,
,,,
,,,
,,,
,,,
,,,
,,,
,,,
,,,
,,,
,,,
,,,
,,,
,,,
,,,
,,,
,,,
,,,
,,,
,,,
,,,
,,,
,,,
,,,
,,,
,,,
,,,
,,,
,,,
,,,
,,,
,,,
,,,
,,,
,,,
,,,
,,,
,,,
,,,
,,,
,,,
,,,
,,,
,,,
,,,
,,,
,,,
,,,
,,,
,,,
,,,
,,,
,,,
,,,
,,,
,,,
,,,
,,,
,,,
,,,
,,,
,,,
,,,
,,,
,,,
,,,
,,,
,,,
,,,
,,,
,,,
,,,
,,,
,,,
,,,
,,,
,,,
,,,
,,,
,,,
,,,
,,,
,,,
,,,
,,,
,,,
,,,
,,,
,,,
,,,
,,,
,,,
,,,
,,,
,,,
,,,
,,,
,,,
,,,
,,,
,,,
,,,
,,,
,,,
,,,
,,,
,,,
,,,
,,,
,,,
,,,
,,,
,,,
,,,
,,,
,,,
,,,
,,,
,,,
,,,
,,,
,,,
,,,
,,,
,,,
,,,
,,,
,,,
,,,
,,,
,,,
,,,
,,,
,,,
,,,
,,,
,,,
,,,
,,,
,,,
,,,
,,,
,,,
,,,
,,,
,,,
,,,
,,,
,,,
,,,
,,,
,,,
,,,
,,,
,,,
,,,
,,,
,,,
,,,
,,,
,,,
,,,
,,,
,,,
,,,
,,,
,,,
,,,
,,,
,,,
,,,
,,,
,,,
,,,
,,,
,,,
,,,
,,,
,,,
,,,
,,,
,,,
,,,
,,,
,,,
,,,
,,,
,,,
,,,
,,,
,,,
,,,
,,,
,,,
,,,
,,,
,,,
,,,
,,,
,,,
,,,
,,,
,,,
,,,
,,,
,,,
,,,
,,,
,,,
,,,
,,,
,,,
,,,
,,,
,,,
,,,
,,,
,,,
,,,
,,,
,,,
,,,
,,,
,,,
,,,
,,,
,,,
,,,
,,,
,,,
,,,
,,,
,,,
,,,
,,,
,,,
,,,
,,,
,,,
,,,
,,,
,,,
,,,
,,,
,,,
,,,
,,,
,,,
,,,
,,,
,,,
,,,
,,,
,,,
,,,
,,,
,,,
,,,
,,,
,,,
,,,
,,,
,,,
,,,
,,,
,,,
,,,
,,,
,,,
,,,
,,,
,,,
,,,
,,,
,,,
,,,
,,,
,,,
,,,
,,,
,,,
,,,
,,,
,,,
,,,
,,,
,,,
,,,
,,,
,,,
,,,
,,,
,,,
,,,
,,,
,,,
,,,
,,,
,,,
,,,
,,,
,,,
,,,
,,,
,,,
,,,
,,,
,,,
,,,
,,,
,,,
,,,
,,,
,,,
,,,
,,,
,,,
,,,
,,,
,,,
,,,
,,,
,,,
,,,
,,,
,,,
,,,
,,,
,,,
,,,
,,,
,,,
,,,
,,,
,,,
,,,
,,,
,,,
,,,
,,,
,,,
,,,
,,,
,,,
,,,
,,,
,,,
,,,
,,,
,,,
,,,
,,,
,,,
,,,
,,,
,,,
,,,
,,,
,,,
,,,
,,,
,,,
,,,
,,,
,,,
,,,
,,,
,,,
,,,
,,,
,,,
,,,
,,,
,,,
,,,
,,,
,,,
,,,
,,,
,,,
,,,
,,,
,,,
,,,
,,,
,,,
,,,
,,,
,,,
,,,
,,,
,,,
,,,
,,,
,,,
,,,
,,,
,,,
,,,
,,,
,,,
,,,
,,,
,,,
,,,
,,,
,,,
,,,
,,,
,,,
,,,
,,,
,,,
,,,
,,,
,,,
,,,
,,,
,,,
,,,
,,,
,,,
,,,
,,,
,,,
,,,
,,,
,,,
,,,
,,,
,,,
,,,
,,,
,,,
,,,
,,,
,,,
,,,
,,,
,,,
,,,
,,,
,,,
,,,
,,,
,,,
,,,
,,,
,,,
,,,
,,,
,,,
,,,
,,,
,,,
,,,
,,,
,,,
,,,
,,,
,,,
,,,
,,,
,,,
,,,
,,,
,,,
,,,
,,,
,,,
,,,
,,,
,,,
,,,
,,,
,,,
,,,
,,,
,,,
,,,
,,,
,,,
,,,
,,,
,,,
,,,
,,,
,,,
,,,
,,,
,,,
,,,
,,,
,,,
,,,
,,,
,,,
,,,
,,,
,,,
,,,
,,,
,,,
,,,
,,,
,,,
,,,
,,,
,,,
,,,
,,,
,,,
,,,
,,,
,,,
,,,
,,,
,,,
,,,
,,,
,,,
,,,
,,,
,,,
,,,
,,,
,,,
,,,
,,,
,,,
,,,
,,,
,,,
,,,
,,,
,,,
,,,
,,,
,,,
,,,
,,,
,,,
,,,
,,,
,,,
,,,
,,,
,,,
,,,
,,,
,,,
,,,
,,,
,,,
,,,
,,,
,,,
,,,
,,,
,,,
,,,
,,,
,,,
,,,
,,,
,,,
,,,
,,,
,,,
,,,
,,,
,,,
,,,
,,,
,,,
,,,
,,,
,,,
,,,
,,,
,,,
,,,
,,,
,,,
,,,
,,,
,,,
,,,
,,,
,,,
,,,
,,,
,,,
,,,
,,,
,,,
,,,
,,,
,,,
,,,
,,,
,,,
,,,
,,,
,,,
,,,
,,,
,,,
,,,
,,,
,,,
,,,
,,,
,,,
,,,
,,,
,,,
,,,
,,,
,,,
,,,
,,,
,,,
,,,
,,,
,,,
,,,
,,,
,,,
,,,
,,,
,,,
,,,
,,,
,,,
,,,
,,,
,,,
,,,
,,,
,,,
,,,
,,,
,,,
,,,
,,,
,,,
,,,
,,,
,,,
,,,
,,,
,,,
,,,
,,,
,,,
,,,
,,,
,,,
,,,
,,,
,,,
,,,
,,,
,,,
,,,
,,,
,,,
,,,
,,,
,,,
,,,
,,,
,,,
,,,
,,,
,,,
,,,
,,,
,,,
,,,
,,,
,,,
,,,
,,,
,,,
,,,
,,,
,,,
,,,
,,,
,,,
,,,
,,,
,,,
,,,
,,,
,,,
,,,
,,,
,,,
,,,
,,,
,,,
,,,
,,,
,,,
,,,
,,,
,,,
,,,
,,,
,,,
,,,
,,,
,,,
,,,
,,,
,,,
,,,
,,,
,,,
,,,
,,,
,,,
,,,
,,,
,,,
,,,
,,,
,,,
,,,
,,,
,,,
,,,
,,,
,,,
,,,
,,,
,,,
,,,
,,,
,,,
,,,
,,,
,,,
,,,
,,,
,,,
,,,
,,,
,,,
,,,
,,,
,,,
,,,
,,,
,,,
,,,
,,,
,,,
,,,
,,,
,,,
,,,
,,,
,,,
,,,
,,,
,,,
,,,
,,,
,,,
,,,
,,,
,,,
,,,
,,,
,,,
,,,
,,,
,,,
,,,
,,,
,,,
,,,
,,,
,,,
,,,
,,,
,,,
,,,
,,,
,,,
,,,
,,,
,,,
,,,
,,,
,,,
,,,
,,,
,,,
,,,
,,,
,,,
,,,
,,,
,,,
,,,
,,,
,,,
,,,
,,,
,,,
,,,
,,,
,,,
,,,
,,,
,,,
,,,
,,,
,,,
,,,
,,,
,,,
,,,
,,,
,,,
,,,
,,,
,,,
,,,
,,,
,,,
,,,
,,,
,,,
,,,
,,,
,,,
,,,
,,,
,,,
,,,
,,,
,,,
,,,
,,,
,,,
,,,
,,,
,,,
,,,
,,,
,,,
,,,
,,,
,,,
,,,
,,,
,,,
,,,
,,,
,,,
,,,
,,,
,,,
,,,
,,,
,,,
,,,
,,,
,,,
,,,
,,,
,,,
,,,
,,,
,,,
,,,
,,,
,,,
,,,
,,,
,,,
,,,
,,,
,,,
,,,
,,,
,,,
,,,
,,,
,,,
,,,
,,,
,,,
,,,
,,,
,,,
,,,
,,,
,,,
,,,
,,,
,,,
,,,
,,,
,,,
,,,
,,,
,,,
,,,
,,,
,,,
,,,
,,,
,,,
,,,
,,,
,,,
,,,
,,,
,,,
,,,
,,,
,,,
,,,
,,,
,,,
,,,
,,,
,,,
,,,
,,,
,,,
,,,
,,,
,,,
,,,
,,,
,,,
,,,
,,,
,,,
,,,
,,,
,,,
,,,
,,,
,,,
,,,
,,,
,,,
,,,
,,,
,,,
,,,
,,,
,,,
,,,
,,,
,,,
,,,
,,,
,,,
,,,
,,,
,,,
,,,
,,,
,,,
,,,
,,,
,,,
,,,
,,,
,,,
,,,
,,,
,,,
,,,
,,,
,,,
,,,
,,,
,,,
,,,
,,,
,,,
,,,
,,,
,,,
,,,
,,,
,,,
,,,
,,,
,,,
,,,
,,,
,,,
,,,
,,,
,,,
,,,
,,,
,,,
,,,
,,,
,,,
,,,
,,,
,,,
,,,
,,,
,,,
,,,
,,,
,,,
,,,
,,,
,,,
,,,
,,,
,,,
,,,
,,,
,,,
,,,
,,,
,,,
,,,
,,,
,,,
,,,
,,,
,,,
,,,
,,,
,,,
,,,
,,,
,,,
,,,
,,,
,,,
,,,
,,,
,,,
,,,
,,,
,,,
,,,
,,,
,,,
,,,
,,,
,,,
,,,
,,,
,,,
,,,
,,,
,,,
,,,
,,,
,,,
,,,
,,,
,,,
,,,
,,,
,,,
,,,
,,,
,,,
,,,
,,,
,,,
,,,
,,,
,,,
,,,
,,,
,,,
,,,
,,,
,,,
,,,
,,,
,,,
,,,
,,,
,,,
,,,
,,,
,,,
,,,
,,,
,,,
,,,
,,,
,,,
,,,
,,,
,,,
,,,
,,,
,,,
,,,
,,,
,,,
,,,
,,,
,,,
,,,
,,,
,,,
,,,
,,,
,,,
,,,
,,,
,,,
,,,
,,,
,,,
,,,
,,,
,,,
,,,
,,,
,,,
,,,
,,,
,,,
,,,
,,,
,,,
,,,
,,,
,,,
,,,
,,,
,,,
,,,
,,,
,,,
,,,
,,,
,,,
,,,
,,,
,,,
,,,
,,,
,,,
,,,
,,,
,,,
,,,
,,,
,,,
,,,
,,,
,,,
,,,
,,,
,,,
,,,
,,,
,,,
,,,
,,,
,,,
,,,
,,,
,,,
,,,
,,,
,,,
,,,
,,,
,,,
,,,
,,,
,,,
,,,
,,,
,,,
,,,
,,,
,,,
,,,
,,,
,,,
,,,
,,,
,,,
,,,
,,,
,,,
,,,
,,,
,,,
,,,
,,,
,,,
,,,
,,,
,,,
,,,
,,,
,,,
,,,
,,,
,,,
,,,
,,,
,,,
,,,
,,,
,,,
,,,
,,,
,,,
,,,
,,,
,,,
,,,
,,,
,,,
,,,
,,,
,,,
,,,
,,,
,,,
,,,
,,,
,,,
,,,
,,,
,,,
,,,
,,,
,,,
,,,
,,,
,,,
,,,
,,,
,,,
,,,
,,,
,,,
,,,
,,,
,,,
,,,
,,,
,,,
,,,
,,,
,,,
,,,
,,,
,,,
,,,
,,,
,,,
,,,
,,,
,,,
,,,
,,,
,,,
,,,
,,,
,,,
,,,
,,,
,,,
,,,
,,,
,,,
,,,
,,,
,,,
,,,
,,,
,,,
,,,
,,,
,,,
,,,
,,,
,,,
,,,
,,,
,,,
,,,
,,,
,,,
,,,
,,,
,,,
,,,
,,,
,,,
,,,
,,,
,,,
,,,
,,,
,,,
,,,
,,,
,,,
,,,
,,,
,,,
,,,
,,,
,,,
,,,
,,,
,,,
,,,
,,,
,,,
,,,
,,,
,,,
,,,
,,,
,,,
,,,
,,,
,,,
,,,
,,,
,,,
,,,
,,,
,,,
,,,
,,,
,,,
,,,
,,,
,,,
,,,
,,,
,,,
,,,
,,,
,,,
,,,
,,,
,,,
,,,
,,,
,,,
,,,
,,,
,,,
,,,
,,,
,,,
,,,
,,,
,,,
,,,
,,,
,,,
,,,
,,,
,,,
,,,
,,,
,,,
,,,
,,,
,,,
,,,
,,,
,,,
,,,
,,,
,,,
,,,
,,,
,,,
,,,
,,,
,,,
,,,
,,,
,,,
,,,
,,,
,,,
,,,
,,,
,,,
,,,
,,,
,,,
,,,
,,,
,,,
,,,
,,,
,,,
,,,
,,,
,,,
,,,
,,,
,,,
,,,
,,,
,,,
,,,
,,,
,,,
,,,
,,,
,,,
,,,
,,,
,,,
,,,
,,,
,,,
,,,
,,,
,,,
,,,
,,,
,,,
,,,
,,,
,,,
,,,
,,,
,,,
,,,
,,,
,,,
,,,
,,,
,,,
,,,
,,,
,,,
,,,
,,,
,,,
,,,
,,,
,,,
,,,
,,,
,,,
,,,
,,,
,,,
,,,
,,,
,,,
,,,
,,,
,,,
,,,
,,,
,,,
,,,
,,,
,,,
,,,
,,,
,,,
,,,
,,,
,,,
,,,
,,,
,,,
,,,
,,,
,,,
,,,
,,,
,,,
,,,
,,,
,,,
,,,
,,,
,,,
,,,
,,,
,,,
,,,
,,,
,,,
,,,
,,,
,,,
,,,
,,,
,,,
,,,
,,,
,,,
,,,
,,,
,,,
,,,
,,,
,,,
,,,
,,,
,,,
,,,
,,,
,,,
,,,
,,,
,,,
,,,
,,,
,,,
,,,
,,,
,,,
,,,
,,,
,,,
,,,
,,,
,,,
,,,
,,,
,,,
,,,
,,,
,,,
,,,
,,,
,,,
,,,
,,,
,,,
,,,
,,,
,,,
,,,
,,,
,,,
,,,
,,,
,,,
,,,
,,,
,,,
,,,
,,,
,,,
,,,
,,,
,,,
,,,
,,,
,,,
,,,
,,,
,,,
,,,
,,,
,,,
,,,
,,,
,,,
,,,
,,,
,,,
,,,
,,,
,,,
,,,
,,,
,,,
,,,
,,,
,,,
,,,
,,,
,,,
,,,
,,,
,,,
,,,
,,,
,,,
,,,
,,,
,,,
,,,
,,,
,,,
,,,
,,,
,,,
,,,
,,,
,,,
,,,
,,,
,,,
,,,
,,,
,,,
,,,
,,,
,,,
,,,
,,,
,,,
,,,
,,,
,,,
,,,
,,,
,,,
,,,
,,,
,,,
,,,
,,,
,,,
,,,
,,,
,,,
,,,
,,,
,,,
,,,
,,,
,,,
,,,
,,,
,,,
,,,
,,,
,,,
,,,
,,,
,,,
,,,
,,,
,,,
,,,
,,,
,,,
,,,
,,,
,,,
,,,
,,,
,,,
,,,
,,,
,,,
,,,
,,,
,,,
,,,
,,,
,,,
,,,
,,,
,,,
,,,
,,,
,,,
,,,
,,,
,,,
,,,
,,,
,,,
,,,
,,,
,,,
,,,
,,,
,,,
,,,
,,,
,,,
,,,
,,,
,,,
,,,
,,,
,,,
,,,
,,,
,,,
,,,
,,,
,,,
,,,
,,,
,,,
,,,
,,,
,,,
,,,
,,,
,,,
,,,
,,,
,,,
,,,
,,,
,,,
,,,
,,,
,,,
,,,
,,,
,,,
,,,
,,,
,,,
,,,
,,,
,,,
,,,
,,,
,,,
,,,
,,,
,,,
,,,
,,,
,,,
,,,
,,,
,,,
,,,
,,,
,,,
,,,
,,,
,,,
,,,
,,,
,,,
,,,
,,,
,,,
,,,
,,,
,,,
,,,
,,,
,,,
,,,
,,,
,,,
,,,
,,,
,,,
,,,
,,,
,,,
,,,
,,,
,,,
,,,
,,,
,,,
,,,
,,,
,,,
,,,
,,,
,,,
,,,
,,,
,,,
,,,
,,,
,,,
,,,
,,,
,,,
,,,
,,,
,,,
,,,
,,,
,,,
,,,
,,,
,,,
,,,
,,,
,,,
,,,
,,,
,,,
,,,
,,,
,,,
,,,
,,,
,,,
,,,
,,,
,,,
,,,
,,,
,,,
,,,
,,,
,,,
,,,
,,,
,,,
,,,
,,,
,,,
,,,
,,,
,,,
,,,
,,,
,,,
,,,
,,,
,,,
,,,
,,,
,,,
,,,
,,,
,,,
,,,
,,,
,,,
,,,
,,,
,,,
,,,
,,,
,,,
,,,
,,,
,,,
,,,
,,,
,,,
,,,
,,,
,,,
,,,
,,,
,,,
,,,
,,,
,,,
,,,
,,,
,,,
,,,
,,,
,,,
,,,
,,,
,,,
,,,
,,,
,,,
,,,
,,,
,,,
,,,
,,,
,,,
,,,
,,,
,,,
,,,
,,,
,,,
,,,
,,,
,,,
,,,
,,,
,,,
,,,
,,,
,,,
,,,
,,,
,,,
,,,
,,,
,,,
,,,
,,,
,,,
,,,
,,,
,,,
,,,
,,,
,,,
,,,
,,,
,,,
,,,
,,,
,,,
,,,
,,,
,,,
,,,
,,,
,,,
,,,
,,,
,,,
,,,
,,,
,,,
,,,
,,,
,,,
,,,
,,,
,,,
,,,
,,,
,,,
,,,
,,,
,,,
,,,
,,,
,,,
,,,
,,,
,,,
,,,
,,,
,,,
,,,
,,,
,,,
,,,
,,,
,,,
,,,
,,,
,,,
,,,
,,,
,,,
,,,
,,,
,,,
,,,
,,,
,,,
,,,
,,,
,,,
,,,
,,,
,,,
,,,
,,,
,,,
,,,
,,,
,,,
,,,
,,,
,,,
,,,
,,,
,,,
,,,
,,,
,,,
,,,
,,,
,,,
,,,
,,,
,,,
,,,
,,,
,,,
,,,
,,,
,,,
,,,
,,,
,,,
,,,
,,,
,,,
,,,
,,,
,,,
,,,
,,,
,,,
,,,
,,,
,,,
,,,
,,,
,,,
,,,
,,,
,,,
,,,
,,,
,,,
,,,
,,,
,,,
,,,
,,,
,,,
,,,
,,,
,,,
,,,
,,,
,,,
,,,
,,,
,,,
,,,
,,,
,,,
,,,
,,,
,,,
,,,
,,,
,,,
,,,
,,,
,,,
,,,
,,,
,,,
,,,
,,,
,,,
,,,
,,,
,,,
,,,
,,,
,,,
,,,
,,,
,,,
,,,
,,,
,,,
,,,
,,,
,,,
,,,
,,,
,,,
,,,
,,,
,,,
,,,
,,,
,,,
,,,
,,,
,,,
,,,
,,,
,,,
,,,
,,,
,,,
,,,
,,,
,,,
,,,
,,,
,,,
,,,
,,,
,,,
,,,
,,,
,,,
,,,
,,,
,,,
,,,
,,,
,,,
,,,
,,,
,,,
,,,
,,,
,,,
,,,
,,,
,,,
,,,
,,,
,,,
,,,
,,,